,001
59,aberrant
60,abilities
61,ability
62,able
63,abnormal
64,abnormalities
65,abnormality
66,absence
67,absent
68,abstract
69,abuse
70,acc
71,access
72,accompanied
73,accordance
75,accordingly
77,accounted
78,accounts
79,accumbens
80,accuracy
82,accurately
83,achieve
84,achieved
85,acoustic
86,acquired
87,acquisition
90,action observation
91,actions
93,activates
94,activations
96,actively
97,activities
98,acts
100,actually
101,acute
103,adaptation
104,adapted
105,adaptive
106,add
107,addiction
108,addition
110,additionally
111,addressed
112,adhd
113,adjacent
114,administered
115,administration
116,adolescence
118,adolescents
119,adopted
121,adulthood
122,adults
124,advanced
125,advances
126,advantage
128,affected
129,affecting
130,affective
131,affects
133,age controls
134,age gender
135,age groups
136,age healthy
137,age sex
138,aged
139,agent
140,ages
141,aging
142,agreement
144,aimed
145,aims
147,alcohol
148,alff
149,algorithm
150,allele
151,allocation
153,allowed
154,allowing
155,allows
156,alpha
159,alterations
160,altered
161,alternating
162,alternative
163,alters
164,alzheimer
165,alzheimer disease
166,ambiguous
167,amnestic
169,amplitude low
170,amplitudes
171,amygdala
172,amygdala anterior
173,amygdala hippocampus
174,amygdala insula
176,amygdala responses
177,analysed
178,analyses
179,analyze
180,analyzed
181,analyzed using
182,analyzing
184,anatomically
185,anatomy
186,anger
187,angry
188,angular
189,angular gyrus
191,animals
192,anisotropy
193,anisotropy fa
194,anterior
195,anterior cingulate
196,anterior hippocampus
197,anterior insula
198,anterior insular
199,anterior intraparietal
200,anterior medial
201,anterior posterior
202,anterior prefrontal
203,anterior superior
204,anterior temporal
205,anti
206,anticipation
207,anticipatory
208,anxiety
209,anxiety disorders
210,apart
211,aphasia
212,apparent
214,appeared
215,appears
216,application
217,applied
218,apply
219,applying
220,appraisal
221,approach
222,approaches
223,appropriate
224,approximately
225,architecture
226,argue
227,arise
228,arithmetic
229,arm
230,arousal
231,arterial
232,arterial spin
233,articulatory
234,asd
235,asked
237,aspects
238,assess
239,assessed
240,assessed using
241,assessing
243,assessments
244,assigned
246,associations
247,associative
248,assume
249,assumed
250,assumption
251,asymmetry
252,atrophy
253,attempt
254,attempted
255,attend
256,attended
257,attending
258,attention
259,attention deficit
260,attention network
261,attention task
262,attentional
263,attentional control
264,attenuated
265,attenuation
266,attributed
267,attributes
268,attribution
269,atypical
270,audiovisual
271,auditory
272,auditory cortex
273,auditory stimuli
274,auditory visual
275,autism
276,autism spectrum
277,autobiographical
278,autobiographical memory
279,automated
280,automatic
281,automatically
282,autonomic
283,available
284,average
285,aversive
286,avoid
287,avoidance
288,awareness
289,away
290,axis
293,background
294,balance
296,bands
297,basal
298,basal ganglia
299,baseline
300,bases
301,basic
302,basis
303,bayesian
304,beginning
307,behavioral evidence
308,behavioral level
309,behavioral measures
310,behavioral performance
311,behavioral responses
312,behaviorally
313,behaviors
314,behaviour
315,behavioural
317,beliefs
318,believed
319,beneficial
321,benefits
322,best
323,beta
324,better
325,better understanding
326,bias
327,biased
328,biases
329,bilaterally
330,bilinguals
331,binding
332,biological
334,biomarkers
335,bipolar
336,bipolar disorder
337,blind
339,block design
340,blocked
341,blocks
342,blood
343,blood flow
344,blood oxygen
345,blood oxygenation
346,bodily
347,body
348,bold
350,bold responses
352,bold signals
353,brains
354,brainstem
355,brief
356,broad
357,broader
358,broca
359,brodmann
360,brodmann ba
361,button
362,calculated
363,calculation
364,called
365,callosum
366,candidate
367,canonical
368,capacity
369,capture
370,carried
371,carriers
373,cases
374,categorical
375,categories
376,categorization
377,category
378,caudal
379,caudate
380,caudate nucleus
381,causal
382,causal modeling
383,causality
385,caused
386,causes
387,center
388,centered
389,central
390,central role
391,cerebellar
392,cerebellum
393,cerebral
394,cerebral blood
395,cerebral cortex
396,certain
398,challenges
399,challenging
400,change
401,changed
402,changing
405,characteristics
406,characterization
407,characterize
408,characterized
409,characterizing
410,characters
411,childhood
412,children
413,children adolescents
414,chinese
416,choices
417,choose
418,chosen
419,chronic
420,chronic pain
421,cingulate
422,cingulate cortex
423,cingulate cortices
424,cingulate gyrus
426,circuitry
427,circuits
428,clarify
429,class
430,classic
431,classical
432,classification
433,classified
435,clearly
437,clinically
438,clips
440,closed
441,closely
443,clustering
444,clusters
445,code
446,coding
447,cognition
449,cognitive control
450,cognitive deficits
451,cognitive emotional
453,cognitive functions
454,cognitive impairment
455,cognitive neuroscience
456,cognitive performance
457,cognitive processes
459,cognitive tasks
460,cognitively
461,coherence
462,coherent
463,cohort
464,collected
465,collectively
466,color
468,combinations
469,combined
470,combining
472,commonly
473,communication
474,community
475,comparable
476,compare
477,comparing
478,comparisons
479,compatible
480,compensate
481,compensation
482,compensatory
483,competing
484,competition
485,complementary
487,completed
488,completely
489,complex
490,complexity
492,component ica
493,components
494,composed
495,comprehension
496,comprehensive
497,comprised
498,compromised
499,compulsive
500,compulsive disorder
501,computation
502,computational
503,computed
504,concentration
506,concepts
507,conceptual
508,concerning
509,conclude
510,conclusion
511,concomitant
512,concrete
514,concurrently
516,conditioned
517,conditioning
518,conditions
519,conductance
520,conducted
521,confidence
522,confirm
523,confirmed
524,conflict
525,conflicting
526,confounding
527,congruency
528,congruent
529,congruent incongruent
530,conjunction
531,connected
533,connections
534,connectivity
535,connectivity amygdala
536,connectivity analyses
537,connectivity anterior
538,connectivity fc
539,connectivity networks
540,connectivity patterns
541,connectivity posterior
542,connectivity rsfc
543,connectivity using
544,conscious
545,consciousness
546,consecutive
548,consequences
549,consequently
550,consider
551,considerable
552,considered
553,considering
554,consisted
555,consistency
556,consistently
557,consisting
558,consists
559,consolidation
560,constant
561,constitute
562,constrained
563,constraints
564,construct
565,constructed
566,construction
567,consumption
569,contained
570,containing
571,contains
573,contents
575,contexts
576,contextual
577,contingent
579,continuously
580,contralateral
581,contrary
583,contrasted
584,contrasting
585,contrasts
587,contributed
588,contributes
589,contributing
591,contributions
594,control conditions
596,control groups
597,control network
598,control processes
599,control task
600,controlled
601,controlling
602,controls
604,controls hcs
605,controls using
606,controversial
607,conventional
608,convergence
609,converging
610,conversely
611,conveyed
612,coordinates
613,coordination
614,core
615,corpus
616,corpus callosum
618,corrected
619,correction
620,correctly
622,correlated
623,correlated negatively
624,correlated positively
625,correlates
626,correlating
628,correlation analyses
629,correlations
630,correspond
631,corresponded
632,correspondence
633,corresponding
634,cortex acc
635,cortex amygdala
636,cortex anterior
637,cortex ba
638,cortex bilaterally
639,cortex cerebellum
640,cortex dacc
641,cortex dlpfc
642,cortex dmpfc
643,cortex dorsal
644,cortex dorsolateral
645,cortex frontal
646,cortex hippocampus
647,cortex inferior
648,cortex insula
649,cortex involved
650,cortex lateral
652,cortex medial
653,cortex middle
654,cortex mpfc
655,cortex ofc
656,cortex parietal
657,cortex pcc
658,cortex pfc
659,cortex posterior
660,cortex ppc
661,cortex precuneus
662,cortex suggest
663,cortex superior
664,cortex supplementary
665,cortex thalamus
666,cortex ventral
667,cortex vlpfc
668,cortex vmpfc
669,cortical
670,cortical involved
672,cortical networks
673,cortical subcortical
674,cortical thickness
675,cortices
676,cortico
678,costs
679,coupled
680,coupling
682,courses
683,covariance
684,covaried
685,covert
686,craving
687,created
688,criteria
690,critical role
691,critically
692,cross
693,cross modal
694,cross sectional
695,crossover
697,crucial role
698,crucially
699,crus
701,cued
702,cues
703,cuneus
705,current functional
706,currently
707,dacc
708,daily
709,daily life
710,damage
712,datasets
713,date
715,days
716,deactivated
718,deactivations
719,debate
720,debated
722,decision making
723,decision task
724,decisions
726,declines
727,decoding
728,decreases
729,decreasing
730,deep
731,default
732,default mode
733,default network
734,deficient
736,deficit hyperactivity
737,deficits
738,define
739,defined
741,degrees
742,delay
743,delayed
744,delivered
746,demanding
747,demands
748,dementia
750,demonstrated
751,demonstrates
752,demonstrating
753,density
755,depended
756,dependence
757,depending
758,depends
759,depicting
760,depressed
761,depression
762,depressive
763,depressive disorder
764,deprivation
765,depth
766,derived
767,described
768,describing
770,designed
771,designs
772,despite
773,detailed
774,details
775,detect
776,detected
777,detecting
778,detection
779,detection task
780,determine
781,determined
782,determining
783,develop
784,developed
785,developing
786,development
787,developmental
788,diagnosed
789,diagnosis
790,diagnostic
791,did
792,did differ
794,differed
795,difference
797,differentially
798,differentiate
799,differentiated
800,differentiation
801,differently
802,differing
803,differs
804,difficult
805,difficulties
806,difficulty
807,diffusion
808,diffusion tensor
809,digit
811,dimensional
812,dimensions
813,diminished
815,direct evidence
816,directed
818,directions
819,directly
820,disability
821,discrete
822,discriminate
823,discriminated
824,discrimination
825,discrimination task
826,discriminative
827,discuss
828,discussed
829,discussion
831,disease ad
832,disease pd
833,diseases
834,disentangle
835,disgust
837,disorder adhd
838,disorder mdd
839,disorder ocd
840,disorder ptsd
841,disorders
843,displayed
844,displays
845,disrupted
846,disruption
847,dissociable
848,dissociate
849,dissociated
850,dissociation
851,distance
852,distinction
853,distinguish
854,distinguished
855,distraction
857,distractors
858,distress
859,distributed
860,distributed network
861,distribution
862,disturbances
863,disturbed
864,divergent
865,diverse
866,divided
867,dlpfc
868,dmn
869,dmpfc
870,documented
871,does
873,domain general
874,domains
875,dominance
876,dominant
877,dopamine
878,dopaminergic
879,dorsal
880,dorsal anterior
881,dorsal attention
882,dorsal medial
883,dorsal premotor
884,dorsal striatum
885,dorsal ventral
886,dorsolateral
887,dorsolateral pfc
888,dorsolateral prefrontal
889,dorsomedial
890,dorsomedial prefrontal
891,dose
892,dot
893,double
894,double blind
895,drive
896,driven
897,driving
899,drugs
900,dti
901,dual
902,duration
904,dynamic causal
905,dynamically
906,dynamics
908,dysfunctional
909,dysfunctions
910,dyslexia
911,dysregulation
912,earlier
913,early
915,early stages
916,early visual
917,easy
918,eating
919,echo
920,economic
921,education
922,eeg
925,effective connectivity
926,effectively
927,effects
928,efficacy
929,efficiency
930,efficient
931,effort
932,effortful
933,eighteen
934,elderly
935,electrical
936,electroencephalography
937,electroencephalography eeg
938,electrophysiological
939,elements
940,elevated
942,elicited
943,elicits
944,elucidate
945,elucidated
946,elusive
947,embedded
948,emerge
949,emerged
950,emergence
951,emerging
952,emission
953,emission tomography
955,emotion regulation
957,emotional faces
958,emotional information
959,emotional responses
960,emotional stimuli
961,emotional valence
962,emotionally
963,emotions
964,empathic
965,empathy
966,emphasize
967,empirical
968,employed
969,employing
971,enabled
972,enables
973,encode
974,encoded
975,encoding
976,encoding retrieval
977,encompassing
978,end
979,endogenous
981,engaged
982,engagement
983,engages
984,engaging
985,english
987,enhancement
988,enhances
989,enhancing
990,entire
992,environmental
993,environments
994,epilepsy
996,episodes
997,episodic
998,episodic memory
1000,equally
1001,equivalent
1002,erp
1004,errors
1005,especially
1006,essential
1007,establish
1008,established
1010,estimated
1011,estimates
1012,estimation
1014,et al
1015,evaluate
1016,evaluated
1017,evaluating
1019,evaluations
1021,event design
1022,event functional
1024,event potentials
1025,events
1026,everyday
1027,everyday life
1028,evidence
1029,evidence suggests
1030,evidenced
1031,evident
1032,evoke
1033,evoked
1034,evolution
1035,exact
1036,examination
1037,examining
1038,example
1039,excessive
1040,exclusively
1041,executed
1042,execution
1043,executive
1044,executive control
1046,executive functions
1047,exert
1048,exhibit
1049,exhibited
1050,exhibited greater
1051,exhibiting
1053,existence
1054,existing
1055,exists
1056,expectancy
1058,expectations
1059,expected
1061,experienced
1062,experiences
1063,experiencing
1066,experimental conditions
1067,experimentally
1068,experiments
1069,expertise
1070,explain
1071,explained
1072,explanation
1074,explicitly
1075,exploration
1076,exploratory
1077,explore
1078,explored
1079,exploring
1080,exposed
1081,exposure
1082,expressed
1084,expressions
1086,extended
1087,extending
1088,extends
1089,extension
1091,extensively
1092,extent
1094,externally
1095,extinction
1096,extra
1097,extract
1098,extracted
1099,extrastriate
1102,eye fields
1104,eye movements
1105,eyes
1108,face ffa
1109,face recognition
1110,faces
1111,facial
1113,facial expressions
1115,facilitated
1116,facilitates
1117,facilitation
1118,fact
1120,factorial
1121,factorial design
1122,factors
1123,failed
1124,failure
1125,false
1126,familiar
1127,familiarity
1128,family
1129,far
1130,fasciculus
1131,fashion
1132,fast
1133,faster
1135,fear
1136,fearful
1137,fearful faces
1139,features
1140,feedback
1142,feelings
1144,females
1145,fewer
1146,ffa
1147,fiber
1149,fields
1151,finally
1152,fine
1153,finger
1154,finger movements
1155,finger tapping
1156,fixation
1157,fixed
1158,flexibility
1159,flexible
1160,flexibly
1161,flow
1163,fluctuations
1164,fluency
1165,focal
1166,foci
1167,focus
1168,focused
1169,focusing
1170,follow
1171,followed
1172,following
1173,food
1174,foot
1175,force
1177,formation
1178,formed
1179,forms
1180,forward
1181,fourteen
1182,fractional
1183,fractional anisotropy
1184,framework
1185,free
1186,frequencies
1187,frequency
1188,frequency fluctuations
1190,frequently
1191,frontal
1192,frontal cortex
1193,frontal cortices
1194,frontal eye
1195,frontal gyri
1196,frontal gyrus
1198,frontal lobes
1199,frontal operculum
1200,frontal parietal
1201,frontal temporal
1202,fronto
1203,fronto parietal
1204,fronto striatal
1205,fronto temporal
1206,frontoparietal
1207,frontoparietal network
1208,frontopolar
1209,frontotemporal
1210,fully
1212,functional abnormalities
1213,functional connections
1214,functional connectivity
1215,functional coupling
1216,functional magnetic
1218,functional networks
1219,functional neuroanatomy
1220,functional organization
1221,functional role
1222,functional structural
1223,functionally
1224,functionally connected
1225,functioning
1226,functions
1227,fundamental
1228,furthermore
1229,fusiform
1230,fusiform face
1231,fusiform gyri
1232,fusiform gyrus
1233,future
1235,gains
1236,gambling
1237,game
1238,gamma
1239,ganglia
1240,gap
1241,gaze
1242,gender
1245,general linear
1246,generalized
1247,generally
1248,generate
1249,generated
1250,generating
1251,generation
1252,genes
1253,genetic
1254,genetic risk
1255,genotype
1256,german
1257,gestures
1258,given
1259,global
1260,globus
1261,globus pallidus
1263,gm volume
1265,goal directed
1266,goals
1267,good
1268,gradient
1269,granger
1270,graph
1271,grasping
1272,gray
1273,gray matter
1274,great
1275,greater
1276,greater extent
1277,greatest
1278,grey
1279,grey matter
1281,group comparisons
1282,group healthy
1283,group level
1284,groups
1285,growing
1286,guide
1287,guided
1288,gyri
1289,gyrus
1290,gyrus anterior
1291,gyrus ba
1292,gyrus cerebellum
1293,gyrus ifg
1294,gyrus inferior
1295,gyrus insula
1296,gyrus medial
1297,gyrus mfg
1298,gyrus middle
1299,gyrus posterior
1300,gyrus precuneus
1301,gyrus stg
1302,gyrus superior
1303,half
1305,hand movements
1306,handed
1307,handedness
1308,hands
1309,happy
1310,happy faces
1311,having
1313,hcs
1314,head
1315,health
1316,healthy
1317,healthy adults
1319,healthy controls
1320,healthy handed
1321,healthy human
1322,healthy individuals
1323,healthy male
1324,healthy volunteers
1325,healthy young
1326,heard
1327,hearing
1328,heart
1329,heart rate
1330,heightened
1331,held
1332,help
1334,hemispheres
1335,hemispheric
1336,hemodynamic
1338,hemodynamic responses
1339,heschl
1340,heschl gyrus
1341,heterogeneity
1342,heterogeneous
1343,hierarchical
1344,hierarchy
1346,high frequency
1347,high functioning
1348,high level
1349,high low
1350,high resolution
1351,high risk
1352,higher
1354,higher levels
1355,higher order
1356,highest
1358,highlighted
1359,highlights
1360,highly
1361,hippocampal
1362,hippocampus
1363,history
1364,hoc
1365,homogeneity
1366,homogeneity reho
1368,hubs
1369,hum
1370,hum mapp
1372,humans
1373,hyperactivation
1374,hyperactivity
1375,hyperactivity disorder
1376,hypoactivation
1377,hypothalamus
1378,hypotheses
1379,hypothesize
1380,hypothesized
1382,ica
1383,idea
1384,identical
1385,identification
1386,identified
1387,identify
1388,identifying
1389,identity
1390,ifg
1392,iii
1393,illness
1394,illusion
1395,illustrate
1397,imagery
1398,images
1399,images acquired
1400,imagine
1401,imagined
1402,imitation
1404,immediately
1406,impacts
1407,impaired
1409,impairments
1410,implementation
1411,implemented
1412,implicate
1413,implicated
1414,implications
1415,implications understanding
1416,implicit
1417,imply
1418,importance
1420,important role
1421,importantly
1423,improved
1425,improvements
1426,improves
1427,impulsive
1428,impulsivity
1429,incentive
1430,incentive delay
1431,incidental
1433,included
1434,includes
1435,incongruent
1436,inconsistent
1437,incorrect
1438,increases
1440,increasingly
1442,independent component
1443,independently
1444,index
1445,index finger
1446,indexed
1448,indicated
1449,indicates
1450,indicating
1451,indices
1452,indirect
1454,individual variability
1455,individually
1456,individuals
1458,induced
1459,induces
1460,inducing
1461,induction
1462,infer
1464,inferences
1465,inferior
1466,inferior frontal
1467,inferior middle
1468,inferior occipital
1469,inferior parietal
1470,inferior prefrontal
1471,inferior superior
1472,inferior temporal
1474,influenced
1475,influences
1476,inform
1477,information
1478,inhibit
1479,inhibition
1480,inhibitory
1481,inhibitory control
1483,initially
1484,initiation
1485,injury
1487,inputs
1489,insights
1490,instead
1491,instructed
1493,instructions
1494,insula
1495,insula anterior
1496,insula inferior
1497,insular
1498,insular cortex
1499,intact
1500,integrate
1501,integrated
1502,integrating
1503,integration
1504,integrative
1505,integrity
1506,intelligence
1507,intense
1508,intensity
1510,intentional
1511,intentions
1512,inter
1513,inter individual
1515,interacting
1517,interactions
1518,interactive
1519,interacts
1520,interestingly
1521,interference
1522,interhemispheric
1523,intermediate
1525,internally
1526,interoceptive
1527,interpersonal
1528,interplay
1529,interpret
1530,interpretation
1531,interpreted
1533,intervals
1535,interventions
1536,intra
1537,intraparietal
1538,intraparietal sulcus
1539,intrinsic
1540,intrinsic functional
1541,introduced
1542,introduction
1543,invariant
1544,invasive
1545,inventory
1547,inversely
1548,investigates
1549,investigating
1551,investigations
1553,involved
1554,involved cognitive
1555,involvement
1556,involves
1557,involving
1558,ipl
1559,ips
1560,ipsilateral
1562,irrelevant
1563,irrespective
1564,isolate
1565,isolated
1567,issues
1569,items
1571,joint
1572,judge
1573,judged
1575,judgment task
1576,judgments
1577,junction
1578,junction tpj
1579,just
1580,key
1581,key role
1582,kinds
1583,know
1584,knowledge
1585,known
1586,known involved
1587,labeling
1588,laboratory
1589,lack
1590,lacking
1592,language comprehension
1593,language network
1594,languages
1596,large sample
1597,large scale
1598,largely
1599,largely unknown
1600,larger
1601,late
1602,latencies
1603,latency
1604,later
1605,lateral
1606,lateral frontal
1607,lateral medial
1608,lateral occipital
1609,lateral orbitofrontal
1610,lateral parietal
1611,lateral prefrontal
1612,lateral temporal
1613,laterality
1614,lateralization
1615,lateralized
1617,leading
1618,leads
1619,learn
1620,learned
1621,learning
1622,learning task
1623,led
1624,length
1626,lesions
1627,lesser
1629,letters
1631,level bold
1632,level signal
1633,levels
1634,lexical
1635,lexical decision
1636,life
1637,light
1639,likelihood
1640,likely
1641,limb
1642,limbic
1643,limitations
1644,limited
1645,line
1647,linear model
1648,linearly
1649,lingual
1650,lingual gyrus
1651,linguistic
1653,linked
1654,linking
1655,links
1656,list
1657,listened
1658,listening
1659,literature
1660,little
1661,little known
1662,load
1664,lobe mtl
1665,lobes
1667,lobule ipl
1668,lobules
1669,local
1670,localization
1671,localize
1672,localized
1673,located
1675,locations
1676,locus
1677,long
1678,long term
1679,longer
1680,longitudinal
1681,loop
1682,loss
1683,losses
1684,low
1685,low frequency
1686,low high
1687,low level
1688,lower
1690,machine
1691,magnetic
1692,magnetic resonance
1693,magnetic stimulation
1694,magnetoencephalography
1695,magnitude
1697,main effect
1698,mainly
1699,maintain
1700,maintained
1701,maintaining
1702,maintenance
1703,major
1704,major depression
1705,major depressive
1706,majority
1707,make
1708,making
1710,male female
1711,males
1712,manifest
1713,manipulated
1714,manipulating
1716,manipulations
1717,manner
1718,manual
1720,mapp
1721,mapped
1722,mapping
1723,maps
1724,marked
1726,markers
1727,masked
1728,mass
1729,match
1730,matching
1731,matching task
1733,materials
1734,matrix
1735,matter
1736,matter density
1737,matter gm
1739,matter volumes
1740,maturation
1741,maximal
1742,maximum
1743,mci
1744,mdd
1746,mean age
1747,meaning
1748,meaningful
1749,means
1752,measurements
1753,measures
1754,measuring
1756,mechanisms
1757,mechanisms involved
1758,mechanisms underlying
1759,medial
1760,medial frontal
1761,medial lateral
1762,medial orbitofrontal
1763,medial pfc
1764,medial prefrontal
1765,medial superior
1766,medial temporal
1767,median
1769,mediated
1770,mediates
1771,mediating
1772,medication
1773,meg
1774,memories
1775,memory
1776,memory encoding
1777,memory load
1778,memory performance
1779,memory processes
1780,memory retrieval
1782,memory tasks
1783,memory test
1784,memory wm
1785,men
1786,men women
1787,mental
1788,mental imagery
1790,mental states
1791,mentalizing
1792,mesial
1793,mesolimbic
1794,met
1795,metabolic
1796,metabolism
1798,methodological
1799,methodology
1800,methodology principal
1801,methods
1802,methods functional
1803,mfg
1805,mid
1806,midbrain
1807,middle
1808,middle cingulate
1809,middle frontal
1810,middle inferior
1811,middle occipital
1812,middle superior
1813,middle temporal
1814,midline
1815,mild
1816,mild cognitive
1817,min
1818,mind
1819,mind tom
1820,minimal
1821,mirror
1822,mirror neuron
1823,mixed
1825,mnemonic
1826,modal
1827,modalities
1828,modality
1829,mode
1830,mode network
1832,modeling
1833,models
1834,moderate
1835,modified
1837,modulated
1838,modulates
1839,modulating
1841,modulations
1842,modulatory
1843,monetary
1844,monetary incentive
1845,monetary reward
1846,money
1847,monitor
1848,monitored
1849,monitoring
1851,monkeys
1852,months
1853,mood
1854,moral
1855,morphological
1856,morphology
1857,morphometry
1858,morphometry vbm
1859,motion
1860,motivation
1861,motivational
1862,motor
1863,motor control
1864,motor cortex
1865,motor function
1866,motor imagery
1867,motor network
1868,motor performance
1869,motor pre
1870,motor premotor
1872,motor responses
1873,motor sma
1874,motor task
1876,movements
1877,moving
1878,mpfc
1882,mtg
1883,mtl
1884,multi
1885,multimodal
1886,multiple
1887,multiple comparisons
1888,multiple sclerosis
1889,multisensory
1890,multivariate
1891,multivariate pattern
1892,muscle
1893,music
1894,musical
1895,musicians
1896,naive
1897,names
1898,naming
1899,native
1900,natural
1901,naturalistic
1902,nature
1903,navigation
1904,near
1905,necessary
1907,needed
1908,needs
1910,negative affect
1912,negative correlations
1913,negative emotional
1914,negative emotions
1915,negative feedback
1916,negative neutral
1917,negative positive
1918,negatively
1919,negatively correlated
1920,negativity
1921,neocortical
1922,nerve
1923,nervous
1925,network connectivity
1926,network dmn
1927,network involved
1928,networks
1929,networks involved
1930,neuro
1931,neuroanatomical
1932,neuroanatomy
1933,neurobiological
1934,neurobiology
1935,neurocognitive
1936,neurodegenerative
1937,neurodevelopmental
1938,neurofunctional
1939,neurological
1941,neuronal
1942,neurons
1943,neurophysiological
1944,neuropsychiatric
1945,neuropsychological
1946,neuroscience
1947,neutral
1948,neutral faces
1949,neutral pictures
1950,neutral stimuli
1952,new insights
1953,newly
1954,nineteen
1955,nociceptive
1957,nodes
1958,nogo
1959,noise
1960,non
1962,normal controls
1963,normalized
1964,normally
1965,notably
1966,noted
1967,notion
1968,nouns
1969,novel
1970,novelty
1971,noxious
1972,nuclei
1973,nucleus
1974,nucleus accumbens
1976,numbers
1977,numerical
1978,numerous
1980,object recognition
1982,objectives
1983,objects
1985,observations
1987,observers
1988,observing
1989,obsessive
1990,obsessive compulsive
1991,obtain
1992,obtained
1993,occipital
1994,occipital cortex
1995,occipital gyrus
1996,occipital lobe
1997,occipital parietal
1998,occipital temporal
1999,occipito
2000,occipito temporal
2001,occipitotemporal
2002,occipitotemporal cortex
2004,occurred
2005,occurrence
2006,occurring
2007,occurs
2008,ocd
2009,oddball
2010,ofc
2012,offers
2013,old
2014,older
2015,older adults
2016,olfactory
2017,ones
2018,ongoing
2019,online
2020,onset
2021,open
2023,operations
2024,opercular
2025,opercularis
2026,operculum
2027,opportunity
2028,opposed
2029,opposite
2030,optimal
2031,optimized
2032,options
2033,oral
2034,orbital
2035,orbitofrontal
2036,orbitofrontal cortex
2037,order
2038,organization
2039,organized
2040,orientation
2041,oriented
2042,orienting
2043,origin
2044,original
2045,orthographic
2046,oscillations
2048,outcomes
2049,output
2050,outside
2051,outside scanner
2052,overall
2053,overcome
2054,overlap
2055,overlapped
2056,overlapping
2057,overt
2058,oxygen
2059,oxygen level
2060,oxygenation
2061,oxygenation level
2062,paced
2063,pain
2064,painful
2066,paired
2067,pairs
2068,pallidus
2069,paper
2071,paradigms
2072,parahippocampal
2073,parahippocampal cortex
2074,parahippocampal gyrus
2075,parahippocampus
2076,paralimbic
2077,parallel
2079,parameters
2080,parametric
2081,parametric mapping
2082,parametrically
2083,parietal
2084,parietal cortex
2085,parietal cortices
2086,parietal frontal
2087,parietal junction
2089,parietal lobes
2091,parietal lobules
2092,parietal network
2093,parietal occipital
2094,parietal temporal
2095,parieto
2096,parieto occipital
2097,parkinson
2098,parkinson disease
2099,pars
2100,pars opercularis
2102,partially
2103,participant
2104,participate
2105,participated
2107,particularly
2108,partly
2109,partner
2110,parts
2112,passive viewing
2113,passively
2114,past
2115,pathological
2116,pathology
2117,pathophysiological
2118,pathophysiology
2120,pathways
2121,patient
2123,patient groups
2125,patterns
2126,pcc
2128,peak
2129,people
2130,perceive
2131,perceived
2132,perceiving
2133,percept
2134,perception
2135,perceptual
2136,perform
2138,performance task
2139,performances
2140,performing
2141,perfusion
2142,periaqueductal
2144,periodicals
2145,periods
2146,peripheral
2147,persistent
2149,personal
2150,personality
2151,personality traits
2152,persons
2153,perspective
2154,pet
2155,pfc
2156,pharmacological
2158,phases
2159,phenomena
2160,phenomenon
2161,phenotype
2162,phonological
2163,photographs
2164,physical
2165,physiological
2167,pictures
2168,pitch
2169,place
2170,placebo
2171,placebo controlled
2172,planning
2173,planum
2174,planum temporale
2175,plasticity
2177,play important
2178,play role
2179,played
2180,playing
2181,plays
2182,plays important
2183,plays role
2184,pleasant
2186,pointing
2187,points
2188,pole
2189,polymorphism
2191,poorer
2192,poorly
2193,poorly understood
2195,populations
2197,portions
2198,position
2201,positive correlations
2202,positive negative
2203,positively
2204,positively correlated
2205,positron
2206,positron emission
2207,possibility
2208,possible
2209,possibly
2210,post
2211,post hoc
2212,postcentral
2213,postcentral gyrus
2214,posterior
2215,posterior anterior
2216,posterior cingulate
2217,posterior inferior
2218,posterior insula
2219,posterior middle
2220,posterior parietal
2221,posterior superior
2222,posterior temporal
2223,posttraumatic
2225,potentially
2226,potentials
2227,power
2228,powerful
2229,ppc
2230,ppi
2231,practice
2232,pre
2233,pre post
2234,pre sma
2235,pre supplementary
2236,preceded
2237,preceding
2238,precentral
2239,precentral gyrus
2240,precise
2241,precuneus
2242,precuneus posterior
2244,predicted
2245,predicting
2247,prediction error
2248,predictions
2249,predictive
2250,predictors
2251,predicts
2252,predominantly
2254,preferences
2256,preferentially
2257,prefrontal
2258,prefrontal cortex
2259,prefrontal cortical
2260,prefrontal cortices
2261,prefrontal parietal
2262,preliminary
2263,premotor
2264,premotor cortex
2265,preparation
2266,preparatory
2267,presence
2269,presentations
2270,presented
2271,presenting
2272,preserved
2273,press
2274,pressure
2275,presumably
2276,previous
2277,previous functional
2278,previous reports
2279,previous research
2280,previous shown
2281,previous work
2282,primarily
2283,primary
2284,primary auditory
2285,primary motor
2286,primary secondary
2287,primary sensorimotor
2288,primary somatosensory
2289,primary visual
2290,primates
2291,prime
2292,priming
2293,principal
2294,principle
2295,prior
2296,priori
2297,probabilistic
2298,probability
2299,probably
2300,probe
2302,problems
2304,procedures
2305,process
2306,processed
2307,processes
2308,processes involved
2309,processes underlying
2310,produce
2311,produced
2312,producing
2313,production
2315,profiles
2316,progression
2317,progressive
2318,prolonged
2319,prominent
2320,promising
2321,pronounced
2322,proper
2323,properties
2324,proportion
2325,propose
2326,proposed
2327,prospective
2328,protocol
2330,provide evidence
2331,provide new
2332,provide novel
2333,provided
2334,provides
2335,provides evidence
2336,providing
2337,pseudowords
2338,psts
2339,psychiatric
2340,psychiatric disorders
2341,psychological
2342,psychopathology
2343,psychophysical
2344,psychophysiological
2345,psychophysiological interaction
2346,psychosis
2347,psychotic
2348,ptsd
2349,published
2350,punishment
2351,pure
2352,purpose
2353,putamen
2354,putative
2355,quality
2356,quantified
2357,quantify
2358,quantitative
2360,questionnaire
2361,questions
2363,random effects
2364,randomized
2365,randomly
2366,range
2367,ranging
2369,rapidly
2371,rarely
2373,rated
2374,rates
2376,ratings
2377,ratio
2378,rationale
2379,reach
2380,reaching
2383,reaction times
2384,reactions
2385,reactivity
2386,read
2387,readers
2388,reading
2389,real
2390,real time
2391,real world
2392,reality
2393,reappraisal
2394,reasoning
2395,recall
2396,receive
2397,received
2398,receiving
2399,recently
2400,receptor
2401,recognition
2402,recognition memory
2403,recognition task
2404,recognize
2405,recognized
2406,recognizing
2407,recollection
2408,recorded
2410,recordings
2411,recovery
2413,recruited
2414,recruitment
2415,recruits
2417,reduces
2418,reducing
2420,reductions
2421,reference
2422,referential
2423,referred
2424,refers
2426,reflected
2427,reflecting
2428,reflects
2429,regard
2430,regarding
2431,regardless
2432,regional
2433,regional cerebral
2434,regional gray
2435,regional homogeneity
2436,regular
2437,regulate
2438,regulating
2439,regulation
2440,regulatory
2441,rehabilitation
2442,rehearsal
2443,reho
2444,reinforcement
2445,reinforcement learning
2447,relates
2449,relational
2450,relations
2452,relationships
2453,relatively
2454,relevance
2455,relevant
2456,relevant information
2457,reliability
2458,reliable
2459,reliably
2460,reliance
2461,relied
2462,relies
2463,rely
2464,remain
2465,remain unclear
2466,remained
2467,remaining
2468,remarkably
2469,remember
2470,remembered
2471,remembering
2472,remote
2473,reorganization
2474,repeat
2476,repeatedly
2477,repetition
2478,repetition suppression
2479,repetitive
2480,replicate
2481,replicated
2483,reported
2484,reports
2487,representational
2488,representations
2489,represented
2490,representing
2491,represents
2493,required
2494,requirements
2495,requires
2496,requiring
2497,research
2498,research suggests
2499,researchers
2500,residual
2501,resolution
2502,resolve
2503,resonance
2504,resonance experiment
2505,resonance healthy
2506,resonance images
2507,resonance measure
2508,resonance performing
2509,resonance rs
2510,resonance scans
2511,resources
2512,respect
2514,respectively
2516,responded
2517,responding
2518,responds
2520,response inhibition
2521,response selection
2523,response times
2524,responses
2525,responsible
2526,responsive
2527,responsiveness
2528,rest
2529,resting
2530,resting state
2531,restricted
2532,result
2533,resulted
2534,resulting
2535,retention
2536,retrieval
2537,retrieved
2538,retrosplenial
2539,retrosplenial cortex
2541,revealing
2542,reveals
2543,reversal
2544,reverse
2545,reversed
2547,reward anticipation
2548,rewarding
2549,rewards
2550,rhythm
2551,rich
2552,rise
2553,risk
2554,risk taking
2555,risky
2556,robust
2558,rois
2560,roles
2561,rostral
2562,rostral anterior
2563,rotation
2565,rsfc
2568,rules
2570,runs
2573,saccades
2574,sad
2575,salience
2576,salience network
2577,salient
2579,samples
2580,sampling
2582,scales
2583,scalp
2585,scanned
2586,scanned using
2587,scanner
2588,scanning
2589,scans
2591,scenes
2592,schizophrenia
2593,schizophrenic
2594,sclerosis
2596,scores
2599,search
2600,second
2601,secondary
2602,secondary somatosensory
2603,sectional
2605,seeds
2606,seeking
2607,seen
2608,segregated
2609,segregation
2610,select
2611,selected
2612,selection
2614,selective attention
2615,selectively
2616,selectivity
2617,self
2618,self referential
2619,self report
2620,self reported
2622,semantic memory
2623,semantically
2624,semantics
2626,sensations
2627,sense
2628,sensitive
2629,sensitivity
2630,sensorimotor
2631,sensorimotor cortex
2632,sensorimotor network
2633,sensory
2634,sensory information
2635,sensory motor
2637,sentence comprehension
2638,sentences
2639,separable
2641,separated
2642,separately
2643,separation
2645,sequences
2646,sequential
2647,serial
2648,series
2649,serotonin
2651,served
2652,serves
2654,sessions
2656,sets
2658,settings
2659,seven
2660,seventeen
2661,severe
2662,severity
2663,sex
2664,sexual
2665,sham
2667,shaped
2668,shapes
2669,share
2670,shared
2671,shed
2672,shed light
2674,shifted
2675,shifting
2676,shifts
2677,short
2678,short term
2679,shorter
2680,showing
2681,shown
2682,shows
2684,sided
2685,sighted
2688,signal change
2689,signal task
2690,signaling
2691,signals
2692,signature
2693,significance
2694,significance statement
2695,signs
2696,sii
2697,silent
2698,similarities
2699,similarity
2700,similarly
2701,simple
2702,simply
2703,simulated
2704,simulation
2706,simultaneous eeg
2707,simultaneously
2708,single
2709,single subject
2710,single trial
2712,sites
2714,situations
2715,sixteen
2717,sizes
2719,skills
2720,skin
2721,skin conductance
2722,sleep
2723,slow
2724,slower
2725,sma
2726,small
2727,smaller
2728,smokers
2729,smoking
2732,social cognition
2733,social cognitive
2735,social interactions
2736,socially
2737,software
2738,solving
2739,somatosensory
2740,somatosensory cortex
2741,somatosensory cortices
2742,sought
2744,sounds
2746,sources
2747,space
2748,span
2749,sparse
2751,spatial attention
2752,spatial information
2753,spatial temporal
2754,spatially
2755,spatiotemporal
2757,speakers
2758,speaking
2759,special
2760,specialization
2761,specialized
2762,species
2763,specifically
2764,specificity
2765,specified
2766,spectral
2767,spectrum
2769,spectrum disorders
2770,speech
2771,speech perception
2772,speech production
2773,speed
2774,spin
2775,spin labeling
2776,spinal
2777,spl
2778,spoken
2779,spontaneous
2780,stable
2782,stages
2783,standard
2784,standardized
2786,state connectivity
2787,state functional
2788,state networks
2789,statement
2790,states
2791,static
2792,statistics
2793,status
2794,step
2795,stg
2796,stimulated
2797,stimulation
2798,stimulation tms
2799,stimuli
2800,stimuli presented
2801,stimulus
2802,stimulus driven
2803,stimulus response
2804,stop
2805,stop signal
2806,storage
2807,stored
2808,strategic
2809,strategies
2810,strategy
2812,streams
2813,strength
2814,stress
2815,stress disorder
2816,striatal
2817,striatum
2818,striking
2819,stroke
2821,strongest
2822,strongly
2823,stroop
2824,stroop task
2825,structural
2826,structural functional
2827,structural magnetic
2829,structure function
2830,structures
2831,structures involved
2832,sts
2833,students
2834,studied
2835,studying
2836,sub
2837,subcortical
2838,subcortical structures
2839,subgenual
2840,subject
2841,subjective
2842,subregions
2844,subsequent memory
2845,subsequently
2846,subserve
2847,subserved
2848,subserving
2849,subset
2850,substance
2851,substantia
2853,substantially
2855,substrates
2856,subtle
2857,subtraction
2858,success
2860,successfully
2861,successive
2862,suffering
2863,sufficient
2865,suggest functional
2866,suggested
2867,suggesting
2868,suggests
2869,sulci
2870,sulcus
2871,sulcus ips
2872,sulcus sts
2873,sum
2874,summary
2875,superior
2876,superior frontal
2877,superior inferior
2878,superior middle
2879,superior parietal
2880,superior temporal
2881,supplementary
2882,supplementary motor
2883,supported
2884,supporting
2885,supports
2886,suppressed
2887,suppression
2888,supramarginal
2889,supramarginal gyrus
2890,surface
2891,surprisingly
2892,surrounding
2893,susceptibility
2894,sustained
2895,sustained attention
2896,switch
2897,switching
2898,symbolic
2900,symptom severity
2901,symptoms
2902,synchronization
2903,syndrome
2904,syntactic
2905,systematic
2906,systematically
2907,systems
2908,systems involved
2911,tactile
2912,taken
2913,taken suggest
2914,taking
2915,tapping
2917,target detection
2918,targeted
2919,targets
2921,task conditions
2922,task demands
2923,task difficulty
2924,task functional
2925,task induced
2926,task involving
2927,task irrelevant
2928,task performance
2929,task positive
2930,task relevant
2931,task required
2932,task task
2933,task using
2934,tasks
2935,taste
2938,techniques
2939,tegmental
2941,temporal cortex
2942,temporal cortices
2943,temporal frontal
2944,temporal gyri
2945,temporal gyrus
2946,temporal inferior
2948,temporal lobes
2949,temporal occipital
2950,temporal parietal
2951,temporal pole
2952,temporal sulcus
2953,temporale
2954,temporally
2955,temporo
2956,temporo parietal
2957,temporoparietal
2958,temporoparietal junction
2959,tend
2960,tendency
2961,tensor
2962,tensor dti
2964,term memory
2965,terms
2966,tesla
2968,tested
2969,testing
2970,tests
2971,thalamic
2972,thalamus
2973,theoretical
2974,theories
2975,theory
2976,theory mind
2977,therapeutic
2978,therapy
2979,thickness
2980,thinking
2981,thirteen
2982,thirty
2984,thoughts
2985,threat
2986,threatening
2987,threshold
2990,time courses
2991,time points
2992,time series
2993,time task
2994,times
2995,timing
2996,tissue
2997,tms
2998,tom
2999,tomography
3000,tomography pet
3002,tones
3003,took
3005,tools
3006,total
3007,touch
3008,tpj
3009,track
3010,tracking
3012,tractography
3013,tracts
3015,traditionally
3016,trained
3017,training
3019,traits
3020,trajectories
3021,transcranial
3022,transcranial magnetic
3023,transfer
3024,transformation
3025,transient
3026,transition
3027,trauma
3028,traumatic
3029,treated
3031,treatments
3032,trend
3034,trial trial
3035,trials
3036,trigger
3037,triggered
3038,true
3039,turn
3040,twice
3042,types
3044,typically
3045,typically developing
3046,unaffected
3047,uncertain
3048,uncertainty
3049,unclear
3050,undergoing
3051,undergoing functional
3053,underlies
3054,underlying
3055,underlying mechanisms
3057,underpinnings
3058,understand
3059,understanding
3060,understood
3061,unexpected
3062,unfamiliar
3063,unilateral
3064,unimodal
3066,uniquely
3067,univariate
3068,unknown
3069,unlike
3070,unmedicated
3071,unpleasant
3072,unrelated
3073,upcoming
3074,updating
3075,upper
3077,use functional
3078,useful
3079,users
3080,uses
3081,using
3082,using event
3083,using functional
3084,using resting
3085,using voxel
3086,usually
3087,utility
3088,utilized
3091,valence
3092,valid
3093,validated
3094,validity
3095,valuable
3097,values
3098,variability
3100,variables
3101,variance
3102,variant
3104,variations
3105,varied
3106,varies
3107,variety
3108,various
3109,vary
3110,varying
3111,vbm
3112,vector
3113,ventral
3114,ventral anterior
3115,ventral dorsal
3116,ventral medial
3117,ventral premotor
3118,ventral striatum
3119,ventral tegmental
3120,ventral visual
3121,ventrolateral
3122,ventrolateral prefrontal
3123,ventromedial
3124,ventromedial prefrontal
3126,verbal
3127,verbal fluency
3128,verbal working
3129,verbs
3130,vermis
3131,version
3132,versus
3135,video clips
3136,videos
3137,view
3138,viewed
3139,viewing
3140,violations
3141,virtual
3142,vision
3144,visual attention
3145,visual auditory
3146,visual cortex
3147,visual cortices
3148,visual field
3149,visual information
3150,visual motion
3151,visual perception
3152,visual stimuli
3153,visual stimulus
3154,visual stream
3155,visual word
3156,visually
3157,visually presented
3158,visuo
3159,visuo spatial
3160,visuomotor
3161,visuospatial
3162,vivo
3163,vlpfc
3164,vmpfc
3165,vocal
3166,voice
3168,volumes
3169,volumetric
3170,voluntary
3171,volunteers
3173,voxel morphometry
3174,voxel wise
3175,voxels
3176,voxelwise
3178,vulnerability
3179,watched
3180,watching
3182,ways
3183,weak
3184,weaker
3186,weeks
3187,weight
3188,weighted
3189,whilst
3190,white
3191,white matter
3193,widely
3194,widespread
3195,wiley
3196,wiley periodicals
3197,window
3198,wise
3200,wm task
3201,women
3203,word form
3204,word pairs
3205,word recognition
3206,words
3207,work
3208,working
3209,working memory
3210,world
3211,worse
3212,written
3214,year old
3215,years
3216,years old
3217,yield
3218,yielded
3219,young
3220,young adults
3221,young healthy
3222,young older
3223,younger
3224,younger adults
3225,youth
3226,zone
